{
    "header": {
        "seq": 14,
        "stamp": {
            "secs": 0,
            "nsecs": 0
        },
        "frame_id": "map"
    },
    "poses": [
        {
            "header": {
                "seq": 1,
                "stamp": {
                    "secs": 0,
                    "nsecs": 0
                },
                "frame_id": "map"
            },
            "pose": {
                "position": {
                    "x": 0.0,
                    "y": 25.0,
                    "z": 0.9999999999999994
                },
                "orientation": {
                    "x": 0.0,
                    "y": -0.0,
                    "z": -0.6969167604795107,
                    "w": -0.7171520263952019
                }
            }
        },
        {
            "header": {
                "seq": 2,
                "stamp": {
                    "secs": 0,
                    "nsecs": 0
                },
                "frame_id": "map"
            },
            "pose": {
                "position": {
                    "x": -4.0,
                    "y": 23.5,
                    "z": 0.9999999999999994
                },
                "orientation": {
                    "x": 0.0,
                    "y": -0.0,
                    "z": -0.6969167604795107,
                    "w": -0.7171520263952019
                }
            }
        },
        {
            "header": {
                "seq": 3,
                "stamp": {
                    "secs": 0,
                    "nsecs": 0
                },
                "frame_id": "map"
            },
            "pose": {
                "position": {
                    "x": -8.0,
                    "y": 21.0,
                    "z": 0.9999999999999994
                },
                "orientation": {
                    "x": 0.0,
                    "y": -0.0,
                    "z": -0.6969167604795107,
                    "w": -0.7171520263952019
                }
            }
        },
        {
            "header": {
                "seq": 4,
                "stamp": {
                    "secs": 0,
                    "nsecs": 0
                },
                "frame_id": "map"
            },
            "pose": {
                "position": {
                    "x": -12.0,
                    "y": 20.5,
                    "z": 0.9999999999999994
                },
                "orientation": {
                    "x": 0.0,
                    "y": -0.0,
                    "z": -0.6969167604795107,
                    "w": -0.7171520263952019
                }
            }
        },
        {
            "header": {
                "seq": 5,
                "stamp": {
                    "secs": 0,
                    "nsecs": 0
                },
                "frame_id": "map"
            },
            "pose": {
                "position": {
                    "x": -15.5,
                    "y": 19.0,
                    "z": 0.9999999999999994
                },
                "orientation": {
                    "x": 0.0,
                    "y": -0.0,
                    "z": -0.6969167604795107,
                    "w": -0.7171520263952019
                }
            }
        },
        {
            "header": {
                "seq": 6,
                "stamp": {
                    "secs": 0,
                    "nsecs": 0
                },
                "frame_id": "map"
            },
            "pose": {
                "position": {
                    "x": -22.0,
                    "y": 16.5,
                    "z": 0.9999999999999994
                },
                "orientation": {
                    "x": 0.0,
                    "y": -0.0,
                    "z": -0.6969167604795107,
                    "w": -0.7171520263952019
                }
            }
        },
        {
            "header": {
                "seq": 7,
                "stamp": {
                    "secs": 0,
                    "nsecs": 0
                },
                "frame_id": "map"
            },
            "pose": {
                "position": {
                    "x": -26.5,
                    "y": 14.5,
                    "z": 0.9999999999999994
                },
                "orientation": {
                    "x": 0.0,
                    "y": -0.0,
                    "z": -0.6969167604795107,
                    "w": -0.7171520263952019
                }
            }
        },
        {
            "header": {
                "seq": 8,
                "stamp": {
                    "secs": 0,
                    "nsecs": 0
                },
                "frame_id": "map"
            },
            "pose": {
                "position": {
                    "x": -30.0,
                    "y": 13.4,
                    "z": 0.9999999999999994
                },
                "orientation": {
                    "x": 0.0,
                    "y": -0.0,
                    "z": -0.6969167604795107,
                    "w": -0.7171520263952019
                }
            }
        },
        {
            "header": {
                "seq": 9,
                "stamp": {
                    "secs": 0,
                    "nsecs": 0
                },
                "frame_id": "map"
            },
            "pose": {
                "position": {
                    "x": -35.0,
                    "y": 11.6,
                    "z": 0.9999999999999994
                },
                "orientation": {
                    "x": 0.0,
                    "y": -0.0,
                    "z": -0.6969167604795107,
                    "w": -0.7171520263952019
                }
            }
        },
        {
            "header": {
                "seq": 10,
                "stamp": {
                    "secs": 0,
                    "nsecs": 0
                },
                "frame_id": "map"
            },
            "pose": {
                "position": {
                    "x": -40.0,
                    "y": 9.5,
                    "z": 0.9999999999999994
                },
                "orientation": {
                    "x": 0.0,
                    "y": -0.0,
                    "z": -0.6969167604795107,
                    "w": -0.7171520263952019
                }
            }
        },
        {
            "header": {
                "seq": 11,
                "stamp": {
                    "secs": 0,
                    "nsecs": 0
                },
                "frame_id": "map"
            },
            "pose": {
                "position": {
                    "x": -40.0,
                    "y": 9.5,
                    "z": 0.9999999999999994
                },
                "orientation": {
                    "x": 0.0,
                    "y": -0.0,
                    "z": -0.6969167604795107,
                    "w": -0.7171520263952019
                }
            }
        },
        {
            "header": {
                "seq": 12,
                "stamp": {
                    "secs": 0,
                    "nsecs": 0
                },
                "frame_id": "map"
            },
            "pose": {
                "position": {
                    "x": -46.0,
                    "y": 7.7,
                    "z": 0.9999999999999994
                },
                "orientation": {
                    "x": 0.0,
                    "y": -0.0,
                    "z": -0.6969167604795107,
                    "w": -0.7171520263952019
                }
            }
        },
        {
            "header": {
                "seq": 13,
                "stamp": {
                    "secs": 0,
                    "nsecs": 0
                },
                "frame_id": "map"
            },
            "pose": {
                "position": {
                    "x": -52.0,
                    "y": 5.6,