{
    "header": {
        "seq": 14,
        "stamp": {
            "secs": 0,
            "nsecs": 0
        },
        "frame_id": "map"
    },
    "poses": [
        {
            "header": {
                "seq": 1,
                "stamp": {
                    "secs": 0,
                    "nsecs": 0
                },
                "frame_id": "map"
            },
            "pose": {
                "position": {
                    "x": -19.943434225275787,
                    "y": 15.905589923939731,
                    "z": 1.0
                },
                "orientation": {
                    "x": 0.058923862668330856,
                    "y": -0.05588142055943696,
                    "z": -0.6922735822782417,
                    "w": -0.7170628173242213
                }
            }
        },
        {
            "header": {
                "seq": 2,
                "stamp": {
                    "secs": 0,
                    "nsecs": 0
                },
                "frame_id": "map"
            },
            "pose": {
                "position": {
                    "x": -20.056664121217032,
                    "y": 15.868457514538836,
                    "z": 1.0
                },
                "orientation": {
                    "x": 0.003123550077306062,
                    "y": -0.025934842100053847,
                    "z": -0.6526554804632135,
                    "w": -0.7572305039789424
                }
            }
        },
        {
            "header": {
                "seq": 3,
                "stamp": {
                    "secs": 0,
                    "nsecs": 0
                },
                "frame_id": "map"
            },
            "pose": {
                "position": {
                    "x": -21.09204356017203,
                    "y": 15.081291115063003,
                    "z": 1.0
                },
                "orientation": {
                    "x": -0.03321882845852291,
                    "y": -0.03015859461468313,
                    "z": -0.6273461051747083,
                    "w": -0.7774344113678634
                }
            }
        },
        {
            "header": {
                "seq": 4,
                "stamp": {
                    "secs": 0,
                    "nsecs": 0
                },
                "frame_id": "map"
            },
            "pose": {
                "position": {
                    "x": -23.12286028784618,
                    "y": 15.165269285484522,
                    "z": 1.0
                },
                "orientation": {
                    "x": -0.019493024736070126,
                    "y": -0.03459252913627895,
                    "z": -0.5937291108678918,
                    "w": -0.803718141940688
                }
            }
        },
        {
            "header": {
                "seq": 5,
                "stamp": {
                    "secs": 0,
                    "nsecs": 0
                },
                "frame_id": "map"
            },
            "pose": {
                "position": {
                    "x": -25.270356981454203,
                    "y": 15.51441567874216,
                    "z": 1.0
                },
                "orientation": {
                    "x": -0.05622811385509469,
                    "y": -0.026162323052948796,
                    "z": -0.6551388199394355,
                    "w": -0.752936488670728
                }
            }
        },
        {
            "header": {
                "seq": 6,
                "stamp": {
                    "secs": 0,
                    "nsecs": 0
                },
                "frame_id": "map"
            },
            "pose": {
                "position": {
                    "x": -27.44513878633156,
                    "y": 15.224754852778702,
                    "z": 1.0
                },
                "orientation": {
                    "x": -0.022471249613798337,
                    "y": -0.012429704530615135,
                    "z": -0.7374228395116473,
                    "w": -0.6749606228719771
                }
            }
        },
        {
            "header": {
                "seq": 7,
                "stamp": {
                    "secs": 0,
                    "nsecs": 0
                },
                "frame_id": "map"
            },
            "pose": {
                "position": {
                    "x": -29.486398085392434,
                    "y": 14.67383979347483,
                    "z": 1.0
                },
                "orientation": {
                    "x": -0.03487703646471148,
                    "y": -0.016341591959484907,
                    "z": -0.726541468447797,
                    "w": -0.6860638396339842
                }
            }
        },
        {
            "header": {
                "seq": 8,
                "stamp": {
                    "secs": 0,
                    "nsecs": 0
                },
                "frame_id": "map"
            },
            "pose": {
                "position": {
                    "x": -31.58654639546979,
                    "y": 14.047066478307695,
                    "z": 1.0
                },
                "orientation": {
                    "x": -0.03989137078691928,
                    "y": -0.018309519153221668,
                    "z": -0.7063197371709955,
                    "w": -0.7065102342363118
                }
            }
        },
        {
            "header": {
                "seq": 9,
                "stamp": {
                    "secs": 0,
                    "nsecs": 0
                },
                "frame_id": "map"
            },
            "pose": {
                "position": {
                    "x": -33.74524127203494,
                    "y": 13.397658129651072,
                    "z": 1.0
                },
                "orientation": {
                    "x": -0.04905434593886182,
                    "y": 0.007194130884039043,
                    "z": -0.7702275787871982,
                    "w": -0.6358228105056252
                }
            }
        },
        {
            "header": {
                "seq": 10,
                "stamp": {
                    "secs": 0,
                    "nsecs": 0
                },
                "frame_id": "map"
            },
            "pose": {
                "position": {
                    "x": -35.402908581271646,
                    "y": 12.016367100512465,
                    "z": 1.0
                },
                "orientation": {
                    "x": -0.05918962903471606,
                    "y": -0.0037410878992001732,
                    "z": -0.8244675010385535,
                    "w": -0.5628235346340112
                }
            }
        },
        {
            "header": {
                "seq": 11,
                "stamp": {
                    "secs": 0,
                    "nsecs": 0
                },
                "frame_id": "map"
            },
            "pose": {
                "position": {
                    "x": -36.889703765437304,
                    "y": 10.671900483235746,
                    "z": 1.0
                },
                "orientation": {
                    "x": -0.06641696612289447,
                    "y": -0.004484702142639685,
                    "z": -0.7894455979113475,
                    "w": -0.6101649399260635
                }
            }
        },
        {
            "header": {
                "seq": 12,
                "stamp": {
                    "secs": 0,
                    "nsecs": 0
                },
                "frame_id": "map"
            },
            "pose": {
                "position": {
                    "x": -38.36720546452884,
                    "y": 9.156712185317803,
                    "z": 1.0
                },