{
    "header": {
        "seq": 12,
        "stamp": {
            "secs": 0,
            "nsecs": 0
        },
        "frame_id": "map"
    },
    "poses": [
        {
            "header": {
                "seq": 1,
                "stamp": {
                    "secs": 0,
                    "nsecs": 0
                },
                "frame_id": "map"
            },
            "pose": {
                "position": {
                    "x": 1.9110083605111123,
                    "y": 22.946920175055812,
                    "z": 1.0
                },
                "orientation": {
                    "x": 0.038641648861899365,
                    "y": -0.07191255624684688,
                    "z": -0.7077055772029922,
                    "w": -0.7017992628388546
                }
            }
        },
        {
            "header": {
                "seq": 2,
                "stamp": {
                    "secs": 0,
                    "nsecs": 0
                },
                "frame_id": "map"
            },
            "pose": {
                "position": {
                    "x": 1.637691937063591,
                    "y": 22.99662579773393,
                    "z": 1.0
                },
                "orientation": {
                    "x": -2.0019064993648944e-05,
                    "y": -0.04177676512209201,
                    "z": -0.6890938907466301,
                    "w": -0.7234309810958968
                }
            }
        },
        {
            "header": {
                "seq": 3,
                "stamp": {
                    "secs": 0,
                    "nsecs": 0
                },
                "frame_id": "map"
            },
            "pose": {
                "position": {
                    "x": 1.2841986556098421,
                    "y": 22.61098164337878,
                    "z": 1.0
                },
                "orientation": {
                    "x": -0.008543635334649646,
                    "y": -0.014411523795089726,
                    "z": -0.6586858462819543,
                    "w": -0.7522576326768737
                }
            }
        },
        {
            "header": {
                "seq": 4,
                "stamp": {
                    "secs": 0,
                    "nsecs": 0
                },
                "frame_id": "map"
            },
            "pose": {
                "position": {
                    "x": -0.6831581532966906,
                    "y": 22.759468798529397,
                    "z": 1.0
                },
                "orientation": {
                    "x": -0.019276535745207837,
                    "y": -0.007835701019905997,
                    "z": -0.6349894973544302,
                    "w": -0.7722631042313548
                }
            }
        },
        {
            "header": {
                "seq": 5,
                "stamp": {
                    "secs": 0,
                    "nsecs": 0
                },
                "frame_id": "map"
            },
            "pose": {
                "position": {
                    "x": -1.336818021579766,
                    "y": 22.706871508447612,
                    "z": 1.0
                },
                "orientation": {
                    "x": -0.025294189038353634,
                    "y": -0.0019107701074609906,
                    "z": -0.644005902406283,
                    "w": -0.7645856702051632
                }
            }
        },
        {
            "header": {
                "seq": 6,
                "stamp": {
                    "secs": 0,
                    "nsecs": 0
                },
                "frame_id": "map"
            },
            "pose": {
                "position": {
                    "x": -2.5699586912256525,
                    "y": 22.91727840937927,
                    "z": 1.0
                },
                "orientation": {
                    "x": -0.0072264360904790185,
                    "y": -0.0040738076922836285,
                    "z": -0.6561583407924951,
                    "w": -0.7545593606510334
                }
            }
        },
        {
            "header": {
                "seq": 7,
                "stamp": {
                    "secs": 0,
                    "nsecs": 0
                },
                "frame_id": "map"
            },
            "pose": {
                "position": {
                    "x": -5.006930460388662,
                    "y": 22.738984682896074,
                    "z": 1.0
                },
                "orientation": {
                    "x": -0.013066131151261814,
                    "y": -0.00676683743595426,
                    "z": -0.6811471356421576,
                    "w": -0.7319560554581389
                }
            }
        },
        {
            "header": {
                "seq": 8,
                "stamp": {
                    "secs": 0,
                    "nsecs": 0
                },
                "frame_id": "map"
            },
            "pose": {
                "position": {
                    "x": -7.542537911577625,
                    "y": 22.373948573401588,
                    "z": 1.0
                },
                "orientation": {
                    "x": -0.034884359080577465,
                    "y": 0.01899291333800736,
                    "z": -0.7184738629183356,
                    "w": -0.6944513538731307
                }
            }
        },
        {
            "header": {
                "seq": 9,
                "stamp": {
                    "secs": 0,
                    "nsecs": 0
                },
                "frame_id": "map"
            },
            "pose": {
                "position": {
                    "x": -10.03317633637986,
                    "y": 22.064020344859966,
                    "z": 1.0
                },
                "orientation": {
                    "x": -0.0214710268176728,
                    "y": -0.013013364419212168,
                    "z": -0.7282616170762017,
                    "w": -0.6848776149815702
                }
            }
        },
        {
            "header": {
                "seq": 10,
                "stamp": {
                    "secs": 0,
                    "nsecs": 0
                },
                "frame_id": "map"
            },
            "pose": {
                "position": {
                    "x": -12.533682783268759,
                    "y": 21.767084807358707,
                    "z": 1.0
                },
                "orientation": {
                    "x": -0.018659407181495346,
                    "y": 0.022441598121554794,
                    "z": -0.7500149067662923,
                    "w": -0.6608108843472281
                }
            }
        },
        {
            "header": {
                "seq": 11,
                "stamp": {
                    "secs": 0,
                    "nsecs": 0
                },
                "frame_id": "map"
            },
            "pose": {
                "position": {
                    "x": -14.668718367124786,
                    "y": 20.788273342695945,
                    "z": 1.0
                },
                "orientation": {
                    "x": -0.020389565342396908,
                    "y": 0.00036699090809480875,
                    "z": -0.7759356768059683,
                    "w": -0.6304831122086342
                }
            }
        },
        {
            "header": {
                "seq": 12,
                "stamp": {
                    "secs": 0,
                    "nsecs": 0
                },
                "frame_id": "map"
            },
            "pose": {
                "position": {
                    "x": -16.32380107041563,
                    "y": 19.91437019365421,
                    "z": 1.0
                },