{
    "header": {
        "seq": 29,
        "stamp": {
            "secs": 0,
            "nsecs": 0
        },
        "frame_id": "map"
    },
    "poses": [
        {
            "header": {
                "seq": 1,
                "stamp": {
                    "secs": 0,
                    "nsecs": 0
                },
                "frame_id": "map"
            },
            "pose": {
                "position": {
                    "x": 2.3304023911323,
                    "y": 19.81409222475866,
                    "z": 1.0
                },
                "orientation": {
                    "x": -0.00796099107802285,
                    "y": -0.0013881498433807329,
                    "z": 0.5736637299551351,
                    "w": 0.819071322631943
                }
            }
        },
        {
            "header": {
                "seq": 2,
                "stamp": {
                    "secs": 0,
                    "nsecs": 0
                },
                "frame_id": "map"
            },
            "pose": {
                "position": {
                    "x": 2.1512664330776468,
                    "y": 19.88166925281857,
                    "z": 1.0
                },
                "orientation": {
                    "x": 0.00632090158362565,
                    "y": 0.006121794020027923,
                    "z": 0.5302447455169019,
                    "w": 0.8477918675774666
                }
            }
        },
        {
            "header": {
                "seq": 3,
                "stamp": {
                    "secs": 0,
                    "nsecs": 0
                },
                "frame_id": "map"
            },
            "pose": {
                "position": {
                    "x": 1.4992662388604017,
                    "y": 20.65865708015071,
                    "z": 1.0
                },
                "orientation": {
                    "x": 0.022918545000909712,
                    "y": -0.04486024491647608,
                    "z": 0.5380522531371507,
                    "w": 0.8414202144492643
                }
            }
        },
        {
            "header": {
                "seq": 4,
                "stamp": {
                    "secs": 0,
                    "nsecs": 0
                },
                "frame_id": "map"
            },
            "pose": {
                "position": {
                    "x": 0.1971585712461964,
                    "y": 21.886479527660057,
                    "z": 1.0
                },
                "orientation": {
                    "x": 0.040205889586875224,
                    "y": -0.04437790812739215,
                    "z": 0.6178394343441171,
                    "w": 0.7839989304311367
                }
            }
        },
        {
            "header": {
                "seq": 5,
                "stamp": {
                    "secs": 0,
                    "nsecs": 0
                },
                "frame_id": "map"
            },
            "pose": {
                "position": {
                    "x": -1.4096346262077093,
                    "y": 22.727801374639974,
                    "z": 1.0
                },
                "orientation": {
                    "x": 0.019900036648185175,
                    "y": -0.022651566936446994,
                    "z": 0.7705622805653203,
                    "w": 0.6366661751217206
                }
            }
        },
        {
            "header": {
                "seq": 6,
                "stamp": {
                    "secs": 0,
                    "nsecs": 0
                },
                "frame_id": "map"
            },
            "pose": {
                "position": {
                    "x": -3.292546990772344,
                    "y": 22.73413111572958,
                    "z": 1.0
                },
                "orientation": {
                    "x": 0.033198416211814984,
                    "y": -0.014299552636356492,
                    "z": 0.8864709288100927,
                    "w": 0.46139302075771416
                }
            }
        },
        {
            "header": {
                "seq": 7,
                "stamp": {
                    "secs": 0,
                    "nsecs": 0
                },
                "frame_id": "map"
            },
            "pose": {
                "position": {
                    "x": -5.198527146634357,
                    "y": 22.13839207987537,
                    "z": 1.0
                },
                "orientation": {
                    "x": 0.06876685728280318,
                    "y": -0.01067448234730315,
                    "z": 0.8813782227150052,
                    "w": 0.46724824597146086
                }
            }
        },
        {
            "header": {
                "seq": 8,
                "stamp": {
                    "secs": 0,
                    "nsecs": 0
                },
                "frame_id": "map"
            },
            "pose": {
                "position": {
                    "x": -7.224306242503807,
                    "y": 21.197674802389983,
                    "z": 1.0
                },
                "orientation": {
                    "x": 0.07315854242083131,
                    "y": -0.010309735895223153,
                    "z": 0.8948460583499893,
                    "w": 0.44022383341683663
                }
            }
        },
        {
            "header": {
                "seq": 9,
                "stamp": {
                    "secs": 0,
                    "nsecs": 0
                },
                "frame_id": "map"
            },
            "pose": {
                "position": {
                    "x": -9.259971990537363,
                    "y": 20.626696207367477,
                    "z": 1.0
                },
                "orientation": {
                    "x": 0.06037141405400216,
                    "y": -0.018781306440888962,
                    "z": 0.8867910014329502,
                    "w": 0.45778084298389565
                }
            }
        },
        {
            "header": {
                "seq": 10,
                "stamp": {
                    "secs": 0,
                    "nsecs": 0
                },
                "frame_id": "map"
            },
            "pose": {
                "position": {
                    "x": -11.459830374186268,
                    "y": 20.17869313040852,
                    "z": 1.0
                },
                "orientation": {
                    "x": 0.05406900808741481,
                    "y": 0.034908391394550306,
                    "z": 0.837060354656627,
                    "w": 0.543311031851367
                }
            }
        },
        {
            "header": {
                "seq": 11,
                "stamp": {
                    "secs": 0,
                    "nsecs": 0
                },
                "frame_id": "map"
            },
            "pose": {
                "position": {
                    "x": -13.648450603738235,
                    "y": 19.388110783082166,
                    "z": 1.0
                },
                "orientation": {
                    "x": 0.05956967637121839,
                    "y": 0.00894958233589271,
                    "z": 0.8511415016724515,
                    "w": 0.5215160991514973
                }
            }
        },
        {
            "header": {
                "seq": 12,
                "stamp": {
                    "secs": 0,
                    "nsecs": 0
                },
                "frame_id": "map"
            },
            "pose": {
                "position": {
                    "x": -15.727973509868304,
                    "y": 18.380378141360413,
                    "z": 1.0
                },
                "orientation": {
                    "x": 0.05299655658913285,