{
    "header": {
        "seq": 11,
        "stamp": {
            "secs": 0,
            "nsecs": 0
        },
        "frame_id": "map"
    },
    "poses": [
        {
            "header": {
                "seq": 1,
                "stamp": {
                    "secs": 0,
                    "nsecs": 0
                },
                "frame_id": "map"
            },
            "pose": {
                "position": {
                    "x": 2.966595195867594,
                    "y": 16.68140491677835,
                    "z": 1.0
                },
                "orientation": {
                    "x": 0.030482632257117837,
                    "y": 0.09218089405900787,
                    "z": -0.05909858213667468,
                    "w": 0.9935323505764226
                }
            }
        },
        {
            "header": {
                "seq": 2,
                "stamp": {
                    "secs": 0,
                    "nsecs": 0
                },
                "frame_id": "map"
            },
            "pose": {
                "position": {
                    "x": 2.932779242341427,
                    "y": 16.740924062147535,
                    "z": 1.0
                },
                "orientation": {
                    "x": 0.05486999260920442,
                    "y": 0.09678846181410966,
                    "z": -0.024280897935352097,
                    "w": 0.993491608564343
                }
            }
        },
        {
            "header": {
                "seq": 3,
                "stamp": {
                    "secs": 0,
                    "nsecs": 0
                },
                "frame_id": "map"
            },
            "pose": {
                "position": {
                    "x": 2.537248299009454,
                    "y": 17.53978674705288,
                    "z": 1.0
                },
                "orientation": {
                    "x": 0.036843604123665476,
                    "y": 0.049429281913078583,
                    "z": -0.09284791057003078,
                    "w": 0.9937719216046565
                }
            }
        },
        {
            "header": {
                "seq": 4,
                "stamp": {
                    "secs": 0,
                    "nsecs": 0
                },
                "frame_id": "map"
            },
            "pose": {
                "position": {
                    "x": 1.7809557001498209,
                    "y": 19.389919881505293,
                    "z": 1.0
                },
                "orientation": {
                    "x": 0.059287970593687546,
                    "y": 0.02064489579213661,
                    "z": -0.19114001594521546,
                    "w": 0.9795447937365638
                }
            }
        },
        {
            "header": {
                "seq": 5,
                "stamp": {
                    "secs": 0,
                    "nsecs": 0
                },
                "frame_id": "map"
            },
            "pose": {
                "position": {
                    "x": 1.9772560795811174,
                    "y": 20.783172120686082,
                    "z": 1.0
                },
                "orientation": {
                    "x": 0.045577025295041075,
                    "y": 0.003237372510339828,
                    "z": -0.25393518794350894,
                    "w": 0.9661425680699627
                }
            }
        },
        {
            "header": {
                "seq": 6,
                "stamp": {
                    "secs": 0,
                    "nsecs": 0
                },
                "frame_id": "map"
            },
            "pose": {
                "position": {
                    "x": 2.9247664028196168,
                    "y": 22.24639001691087,
                    "z": 1.0
                },
                "orientation": {
                    "x": 0.051866866572738674,
                    "y": 0.024930638207883812,
                    "z": -0.34252916536671585,
                    "w": 0.9377083153223034
                }
            }
        },
        {
            "header": {
                "seq": 7,
                "stamp": {
                    "secs": 0,
                    "nsecs": 0
                },
                "frame_id": "map"
            },
            "pose": {
                "position": {
                    "x": 3.543038136296454,
                    "y": 24.454476390516735,
                    "z": 1.0
                },
                "orientation": {
                    "x": 0.042795090353541565,
                    "y": 0.056526430772928904,
                    "z": -0.4728008946238855,
                    "w": 0.8782945136520794
                }
            }
        },
        {
            "header": {
                "seq": 8,
                "stamp": {
                    "secs": 0,
                    "nsecs": 0
                },
                "frame_id": "map"
            },
            "pose": {
                "position": {
                    "x": 4.351859783937346,
                    "y": 25.0563001433038,
                    "z": 1.0
                },
                "orientation": {
                    "x": 0.050670337763917085,
                    "y": 0.0606015326446262,
                    "z": -0.5778222076742248,
                    "w": 0.8122962724113922
                }
            }
        },
        {
            "header": {
                "seq": 9,
                "stamp": {
                    "secs": 0,
                    "nsecs": 0
                },
                "frame_id": "map"
            },
            "pose": {
                "position": {
                    "x": 4.3323285794162425,
                    "y": 25.410370310144884,
                    "z": 1.0
                },
                "orientation": {
                    "x": 0.0535313162074539,
                    "y": 0.025255494366681758,
                    "z": -0.6237009738882575,
                    "w": 0.7794016283825096
                }
            }
        },
        {
            "header": {
                "seq": 10,
                "stamp": {
                    "secs": 0,
                    "nsecs": 0
                },
                "frame_id": "map"
            },
            "pose": {
                "position": {
                    "x": 4.3965335343944405,
                    "y": 25.68961095609562,
                    "z": 1.0
                },
                "orientation": {
                    "x": 0.07263906761046525,
                    "y": 0.028474519096688536,
                    "z": -0.6607603620711933,
                    "w": 0.7465582929930903
                }
            }
        },
        {
            "header": {
                "seq": 11,
                "stamp": {
                    "secs": 0,
                    "nsecs": 0
                },
                "frame_id": "map"
            },
            "pose": {
                "position": {
                    "x": 4.262396946573547,
                    "y": 25.71326038699371,
                    "z": 1.0
                },
                "orientation": {
                    "x": 0.06273541047672307,
                    "y": 0.03382901046211663,
                    "z": -0.6633359161121308,
                    "w": 0.7449212996735055
                }
            }
        }
    ]
}